-- phpMyAdmin SQL Dump
-- version 5.0.2
-- https://www.phpmyadmin.net/
--
-- Host: localhost
-- Generation Time: Jun 05, 2021 at 11:45 AM
-- Server version: 10.4.13-MariaDB
-- PHP Version: 7.2.32

SET SQL_MODE = "NO_AUTO_VALUE_ON_ZERO";
START TRANSACTION;
SET time_zone = "+00:00";


/*!40101 SET @OLD_CHARACTER_SET_CLIENT=@@CHARACTER_SET_CLIENT */;
/*!40101 SET @OLD_CHARACTER_SET_RESULTS=@@CHARACTER_SET_RESULTS */;
/*!40101 SET @OLD_COLLATION_CONNECTION=@@COLLATION_CONNECTION */;
/*!40101 SET NAMES utf8mb4 */;

--
-- Database: `running_app`
--

-- --------------------------------------------------------

--
-- Table structure for table `challenge`
--

CREATE TABLE `challenge` (
  `challenge_id` int(11) NOT NULL,
  `begin_date` varchar(255) COLLATE utf8_unicode_ci DEFAULT NULL,
  `current_distance` double NOT NULL,
  `end_date` varchar(255) COLLATE utf8_unicode_ci DEFAULT NULL,
  `target_distance` double NOT NULL
) ENGINE=InnoDB DEFAULT CHARSET=utf8 COLLATE=utf8_unicode_ci;

--
-- Dumping data for table `challenge`
--

INSERT INTO `challenge` (`challenge_id`, `begin_date`, `current_distance`, `end_date`, `target_distance`) VALUES
(1, '20200101', 30, '20200130', 30),
(2, '20200301', 35, '20200331', 40),
(3, '20210101', 0, '20210131', 50),
(4, '20210501', 0, '20210531', 60),
(5, '20210425', 4.446346998163172, '20210430', 14);

-- --------------------------------------------------------

--
-- Table structure for table `pace_detail`
--

CREATE TABLE `pace_detail` (
  `pace_id` int(11) NOT NULL,
  `distance` double NOT NULL,
  `pace` double NOT NULL,
  `track_id` int(11) NOT NULL
) ENGINE=InnoDB DEFAULT CHARSET=utf8 COLLATE=utf8_unicode_ci;

--
-- Dumping data for table `pace_detail`
--

INSERT INTO `pace_detail` (`pace_id`, `distance`, `pace`, `track_id`) VALUES
(1, 0.1, 9.25, 1),
(2, 0.2, 9.23, 1),
(3, 0.4, 9.2, 1),
(4, 0.5, 9.19, 1),
(5, 0.3, 9.21, 1),
(6, 0.6, 9.17, 1),
(7, 0.7, 9.15, 1),
(8, 0.8, 9.12, 1),
(9, 0.9, 9.1, 1),
(10, 2, 7.3, 2),
(11, 3, 7.18, 3),
(12, 4, 8.25, 4),
(13, 4.5, 8.11, 4),
(14, 0.02, 3.97, 13),
(15, 0.04, 3.33, 13),
(16, 0.06, 2.93, 13),
(17, 0.07, 3.21, 13),
(18, 0.09, 2.97, 13),
(19, 0.1, 3.17, 13),
(20, 0.12, 3.05, 13),
(21, 0.13, 3.14, 13),
(22, 0.15, 3.1, 13),
(23, 0.16, 3.19, 13),
(24, 0.18, 3.15, 13),
(25, 0.2, 3.12, 13),
(26, 0.22, 3.05, 13),
(27, 0.23, 3.14, 13),
(28, 0.25, 3.07, 13),
(29, 0.27, 3.04, 13),
(30, 0.28, 3.12, 13),
(31, 0.3, 3.08, 13),
(32, 0.31, 3.15, 13),
(33, 0.33, 3.14, 13),
(34, 0.34, 3.18, 13),
(35, 0.36, 3.15, 13),
(36, 0.39, 3.06, 13),
(37, 0.4, 3.13, 13),
(38, 0.42, 3.1, 13),
(39, 0.43, 3.14, 13),
(40, 0.44, 3.18, 13),
(41, 0.46, 3.15, 13),
(42, 0.02, 3.72, 14),
(43, 0.04, 2.9, 14),
(44, 0.06, 2.9, 14),
(45, 0.06999999999999999, 3.13, 14),
(46, 0.09, 3.05, 14),
(47, 0.11, 3.02, 14),
(48, 0.13, 2.92, 14),
(49, 0.15, 2.94, 14),
(50, 0.16999999999999998, 2.89, 14),
(51, 0.18999999999999997, 2.88, 14),
(52, 0.20999999999999996, 2.85, 14),
(53, 0.21999999999999997, 2.95, 14),
(54, 0.23999999999999996, 2.91, 14),
(55, 0.25999999999999995, 2.88, 14),
(56, 0.26999999999999996, 2.96, 14),
(57, 0.29, 2.93, 14),
(58, 0.31, 2.9, 14),
(59, 0.33, 2.88, 14),
(60, 0.34, 2.94, 14),
(61, 0.35000000000000003, 3, 14),
(62, 0.36000000000000004, 3.05, 14),
(63, 0.37000000000000005, 3.11, 14),
(64, 0.38000000000000006, 3.16, 14),
(65, 0.39000000000000007, 3.2, 14),
(66, 0.4000000000000001, 3.25, 14),
(67, 0.4100000000000001, 3.29, 14),
(68, 0.4200000000000001, 3.31, 14),
(69, 0.4300000000000001, 3.34, 14),
(70, 0.4600000000000001, 3.22, 14),
(71, 0.4800000000000001, 3.18, 14),
(72, 0.5100000000000001, 3.1, 14),
(73, 0.5400000000000001, 3.02, 14),
(74, 0.5700000000000002, 2.97, 14),
(75, 0.6000000000000002, 2.91, 14),
(76, 0.6200000000000002, 2.89, 14),
(77, 0.6500000000000002, 2.83, 14),
(78, 0.6800000000000003, 2.79, 14),
(79, 0.7100000000000003, 2.75, 14),
(80, 0.7300000000000003, 2.74, 14),
(81, 0.7600000000000003, 2.7, 14),
(82, 0.7900000000000004, 2.67, 14),
(83, 0.8200000000000004, 2.64, 14),
(84, 0.8400000000000004, 2.64, 14),
(85, 0.8700000000000004, 2.6, 14),
(86, 0.9000000000000005, 2.57, 14),
(87, 0.9300000000000005, 2.55, 14),
(88, 0.9500000000000005, 2.54, 14),
(89, 0.9900000000000005, 2.5, 14),
(90, 1.0200000000000005, 2.48, 14),
(91, 1.0600000000000005, 2.44, 14),
(92, 1.0900000000000005, 2.42, 14),
(93, 1.1200000000000006, 2.4, 14),
(94, 1.1500000000000006, 2.38, 14),
(95, 1.1800000000000006, 2.37, 14),
(96, 1.2100000000000006, 2.35, 14),
(97, 1.2300000000000006, 2.36, 14),
(98, 1.2600000000000007, 2.34, 14),
(99, 1.2800000000000007, 2.34, 14),
(100, 1.3100000000000007, 2.33, 14),
(101, 1.3300000000000007, 2.33, 14),
(102, 1.3600000000000008, 2.32, 14),
(103, 1.3800000000000008, 2.31, 14),
(104, 1.4100000000000008, 2.3, 14),
(105, 1.4400000000000008, 2.29, 14),
(106, 1.4700000000000009, 2.28, 14),
(107, 1.4900000000000009, 2.28, 14),
(108, 1.520000000000001, 2.27, 14),
(109, 1.550000000000001, 2.25, 14),
(110, 1.580000000000001, 2.24, 14),
(111, 1.610000000000001, 2.24, 14),
(112, 1.640000000000001, 2.23, 14),
(113, 1.660000000000001, 2.23, 14),
(114, 1.690000000000001, 2.22, 14),
(115, 1.720000000000001, 2.21, 14),
(116, 1.740000000000001, 2.22, 14),
(117, 1.7600000000000011, 2.22, 14),
(118, 1.7800000000000011, 2.22, 14),
(119, 1.8000000000000012, 2.22, 14),
(120, 1.8200000000000012, 2.22, 14),
(121, 1.8400000000000012, 2.22, 14),
(122, 1.8600000000000012, 2.22, 14),
(123, 1.8900000000000012, 2.21, 14),
(124, 1.9100000000000013, 2.22, 14),
(125, 1.9300000000000013, 2.22, 14),
(126, 1.9600000000000013, 2.21, 14),
(127, 1.9800000000000013, 2.21, 14),
(128, 2.010000000000001, 2.21, 14),
(129, 2.030000000000001, 2.21, 14),
(130, 2.050000000000001, 2.21, 14),
(131, 2.070000000000001, 2.21, 14),
(132, 2.100000000000001, 2.2, 14),
(133, 2.140000000000001, 2.19, 14),
(134, 2.170000000000001, 2.18, 14),
(135, 2.2000000000000006, 2.17, 14),
(136, 2.2200000000000006, 2.17, 14),
(137, 2.2500000000000004, 2.17, 14),
(138, 2.2800000000000002, 2.16, 14),
(139, 2.31, 2.15, 14),
(140, 2.34, 2.14, 14),
(141, 2.36, 2.15, 14),
(142, 2.4099999999999997, 2.13, 14),
(143, 2.4499999999999997, 2.12, 14),
(144, 2.4799999999999995, 2.11, 14),
(145, 2.5199999999999996, 2.09, 14),
(146, 2.5499999999999994, 2.09, 14),
(147, 2.579999999999999, 2.08, 14),
(148, 2.609999999999999, 2.08, 14),
(149, 2.639999999999999, 2.07, 14),
(150, 2.6699999999999986, 2.07, 14),
(151, 2.6999999999999984, 2.06, 14),
(152, 2.729999999999998, 2.06, 14),
(153, 2.759999999999998, 2.06, 14),
(154, 2.789999999999998, 2.05, 14),
(155, 2.8199999999999976, 2.05, 14),
(156, 2.8399999999999976, 2.05, 14),
(157, 2.8699999999999974, 2.05, 14),
(158, 2.8999999999999972, 2.05, 14),
(159, 2.929999999999997, 2.04, 14),
(160, 2.959999999999997, 2.04, 14),
(161, 2.9899999999999967, 2.04, 14),
(162, 3.0099999999999967, 2.04, 14),
(163, 3.0399999999999965, 2.04, 14),
(164, 3.0699999999999963, 2.04, 14),
(165, 3.0899999999999963, 2.04, 14),
(166, 3.119999999999996, 2.04, 14),
(167, 3.139999999999996, 2.04, 14),
(168, 3.179999999999996, 2.03, 14),
(169, 3.199999999999996, 2.03, 14),
(170, 3.229999999999996, 2.03, 14),
(171, 0.022653972796307775, 3.31, 15),
(172, 0.04338612986153908, 2.75, 15),
(173, 0.06888062054202611, 2.55, 15),
(174, 0.08503425069317348, 2.66, 15),
(175, 0.1000908634328972, 2.77, 15),
(176, 0.11394856094847718, 2.86, 15),
(177, 0.12523482514899803, 3, 15),
(178, 0.13610865379819143, 3.13, 15),
(179, 0.14667531298134542, 3.25, 15),
(180, 0.15826058441366167, 3.31, 15),
(181, 0.17279424615553007, 3.29, 15),
(182, 0.19813579592007455, 3.16, 15),
(183, 0.22076700402327404, 3.06, 15),
(184, 0.23992017717784012, 3.03, 15),
(185, 0.2540681184894841, 3.03, 15),
(186, 0.27318532938572504, 3, 15),
(187, 0.2986412169876386, 2.91, 15),
(188, 0.32021791132713223, 2.87, 15),
(189, 0.3368194990892284, 2.87, 15),
(190, 0.35331924876850346, 2.88, 15),
(191, 0.36893408758230567, 2.89, 15),
(192, 0.3846993004139821, 2.91, 15),
(193, 0.3995134633366184, 2.92, 15),
(194, 0.4146981929662946, 2.94, 15),
(195, 0.4297026293321122, 2.95, 15),
(196, 0.44465920956988375, 2.96, 15),
(197, 0.45959945425281173, 2.98, 15),
(198, 0.4745699175471601, 2.99, 15),
(199, 0.48865303163210466, 2.99, 15),
(200, 0.5025150330605529, 3, 15),
(201, 0.51704664151821, 3.02, 15),
(202, 0.5293391742950956, 3.03, 15),
(203, 0.5519824632848471, 2.98, 15),
(204, 0.5672380581486819, 2.98, 15),
(205, 0.5850733340327604, 2.98, 15),
(206, 0.6026974057218314, 2.98, 15),
(207, 0.6191029768437512, 2.98, 15),
(208, 0.6425280556546124, 2.97, 15),
(209, 0.6546619944324339, 2.99, 15),
(210, 0.6695742326498809, 3, 15),
(211, 0.6843652322229258, 3.02, 15),
(212, 0.7019479286235752, 3.02, 15),
(213, 0.7215896485758302, 3.01, 15),
(214, 0.733348806957027, 3.02, 15),
(215, 0.7481453361810926, 3.03, 15),
(216, 0.7616506348068558, 3.04, 15),
(217, 0.779928052847993, 3.05, 15),
(218, 0.7970221950771914, 3.05, 15),
(219, 0.809468636153551, 3.06, 15),
(220, 0.8305674976266649, 3.05, 15),
(221, 0.8518594635490515, 3.04, 15),
(222, 0.867843816786364, 3.04, 15),
(223, 0.8839125159868372, 3.04, 15),
(224, 0.8981751260997404, 3.04, 15),
(225, 0.9166696272150274, 3.04, 15),
(226, 0.9312263503321092, 3.05, 15),
(227, 0.9470902596568778, 3.05, 15),
(228, 0.9616414007831556, 3.06, 15),
(229, 0.9768570692513527, 3.06, 15),
(230, 0.9914155434503059, 3.07, 15),
(231, 1.0089426545001607, 3.07, 15),
(232, 1.028840305477926, 3.05, 15),
(233, 1.0477242636217527, 3.05, 15),
(234, 1.0631686595629222, 3.05, 15),
(235, 1.0771257201738433, 3.06, 15),
(236, 1.0902885755839633, 3.07, 15),
(237, 1.1031194054489848, 3.08, 15),
(238, 1.1156768730092943, 3.09, 15),
(239, 1.1337456342111245, 3.1, 15),
(240, 1.1455208808883517, 3.11, 15),
(241, 1.1574746649202667, 3.12, 15),
(242, 1.1663823946037621, 3.13, 15),
(243, 1.1768361414584516, 3.14, 15),
(244, 1.214707584795395, 3.1, 15),
(245, 1.2390427931028367, 3.07, 15),
(246, 1.2704246673093187, 3.04, 15),
(247, 1.3078280629465482, 3, 15),
(248, 1.3272047081519522, 2.99, 15),
(249, 1.359801418252795, 2.96, 15),
(250, 1.3843532613326457, 2.94, 15),
(251, 1.4133274548063741, 2.91, 15),
(252, 1.442562173444583, 2.89, 15),
(253, 1.4688499278917486, 2.88, 15),
(254, 1.5022328662512674, 2.86, 15),
(255, 1.5296626291007365, 2.84, 15),
(256, 1.553601307790142, 2.82, 15),
(257, 1.5779679792053485, 2.81, 15),
(258, 1.602202214649278, 2.8, 15),
(259, 1.6288324085106836, 2.79, 15),
(260, 1.666755547341813, 2.76, 15),
(261, 1.70633816428929, 2.74, 15),
(262, 1.7292730860730239, 2.73, 15),
(263, 1.7530427176654515, 2.72, 15),
(264, 1.7827619869869586, 2.7, 15),
(265, 1.8104081709005624, 2.69, 15),
(266, 1.837882459173374, 2.68, 15),
(267, 1.8625391112676528, 2.67, 15),
(268, 1.8861223001602878, 2.66, 15),
(269, 1.918749541515611, 2.65, 15),
(270, 1.947259478486174, 2.63, 15),
(271, 1.9713403466145516, 2.62, 15),
(272, 1.9992202046727663, 2.61, 15),
(273, 2.032861925793158, 2.6, 15),
(274, 2.06303197273098, 2.59, 15),
(275, 2.0840724469583463, 2.59, 15),
(276, 2.1156271252813816, 2.57, 15),
(277, 2.138196470927191, 2.57, 15),
(278, 2.166100757298105, 2.56, 15),
(279, 2.1922787742576344, 2.55, 15),
(280, 2.227474330803299, 2.54, 15),
(281, 2.2533449727344115, 2.53, 15),
(282, 2.278960048227341, 2.52, 15),
(283, 2.306750759998204, 2.52, 15),
(284, 2.3292797555866396, 2.51, 15),
(285, 2.35336862949121, 2.5, 15),
(286, 2.3758914987039024, 2.5, 15),
(287, 2.401960455833867, 2.49, 15),
(288, 2.4229466876056116, 2.49, 15),
(289, 2.4530716329664797, 2.48, 15),
(290, 2.4744937263943294, 2.48, 15),
(291, 2.497902853894176, 2.48, 15),
(292, 2.5209394267404677, 2.48, 15),
(293, 2.539580465995892, 2.48, 15),
(294, 2.5600969533948694, 2.48, 15),
(295, 2.583113364612577, 2.47, 15),
(296, 2.6007363645840402, 2.47, 15),
(297, 2.6249504079082233, 2.47, 15),
(298, 2.6474720619610355, 2.47, 15),
(299, 2.6724540528548917, 2.47, 15),
(300, 2.6986888727801253, 2.46, 15),
(301, 2.7180956502834337, 2.46, 15),
(302, 2.738564040870486, 2.46, 15),
(303, 2.7531483625566446, 2.47, 15),
(304, 2.771094528766852, 2.47, 15),
(305, 2.8067949643361705, 2.45, 15),
(306, 2.843594553869119, 2.44, 15),
(307, 2.86873139147608, 2.43, 15),
(308, 2.8976978361496526, 2.43, 15),
(309, 2.9285996884695615, 2.42, 15),
(310, 2.94465619779227, 2.42, 15),
(311, 2.9768249703448184, 2.41, 15),
(312, 3.0090737033828256, 2.4, 15),
(313, 3.0492896245166445, 2.39, 15),
(314, 0.024864789309466003, 2.24, 16),
(315, 0.04603882173898518, 2.23, 16),
(316, 0.06618852532354288, 2.33, 16),
(317, 0.08726645519359477, 2.28, 16),
(318, 0.10578423687703326, 2.41, 16),
(319, 0.1228718976843906, 2.49, 16),
(320, 0.1389355781756017, 2.57, 16),
(321, 0.15145467848353786, 2.68, 16),
(322, 0.16311615277917518, 2.79, 16),
(323, 0.17414089633124033, 2.9, 16),
(324, 0.1848040933256878, 3.01, 16),
(325, 0.19639768550538547, 3.07, 16),
(326, 0.2169721666436287, 3.05, 16),
(327, 0.2353533804078054, 3, 16),
(328, 0.2589650246044792, 2.92, 16),
(329, 0.27881642616901653, 2.89, 16),
(330, 0.2961421159238308, 2.89, 16),
(331, 0.3123140977114005, 2.88, 16),
(332, 0.33823979613744604, 2.8, 16),
(333, 0.36023850536840823, 2.77, 16),
(334, 0.3771136806108376, 2.78, 16),
(335, 0.3938126412252392, 2.79, 16),
(336, 0.4096189315216323, 2.8, 16),
(337, 0.42540343071701747, 2.82, 16),
(338, 0.44033954240190704, 2.83, 16),
(339, 0.45553301126177265, 2.85, 16),
(340, 0.470504976327207, 2.86, 16),
(341, 0.4855614171922011, 2.88, 16),
(342, 0.5004449864956176, 2.89, 16),
(343, 0.5154482247034431, 2.91, 16),
(344, 0.5321686493274739, 2.92, 16),
(345, 0.5475945472739363, 2.93, 16),
(346, 0.5625849834846868, 2.94, 16),
(347, 0.5844165879101486, 2.93, 16),
(348, 0.6001803678247795, 2.93, 16),
(349, 0.6176784512438457, 2.93, 16),
(350, 0.6361234010235728, 2.92, 16),
(351, 0.6516065806160103, 2.92, 16),
(352, 0.6707444037756994, 2.92, 16),
(353, 0.6855318323183854, 2.92, 16),
(354, 0.6993713414652427, 2.94, 16),
(355, 0.7146181664745835, 2.95, 16),
(356, 0.7309111843514225, 2.96, 16),
(357, 0.7442898745143385, 2.97, 16),
(358, 0.7593049430259958, 2.97, 16),
(359, 0.7734074280229278, 2.97, 16),
(360, 0.7870122376135675, 2.98, 16),
(361, 0.8005543821964565, 2.99, 16),
(362, 0.8110198906294351, 3.01, 16),
(363, 0.8312215968355718, 3, 16),
(364, 0.8421340051602731, 3.02, 16),
(365, 0.86186320405086, 3.02, 16),
(366, 0.8820730667574499, 3.01, 16),
(367, 0.9010073101669834, 3, 16),
(368, 0.9159634445244301, 3.01, 16),
(369, 0.9324607306426482, 3, 16),
(370, 0.947934494045265, 3, 16),
(371, 0.9631943948830581, 3.02, 16),
(372, 0.9792533681353357, 3.02, 16),
(373, 0.9935239136081132, 3.02, 16),
(374, 1.0091766561058515, 3.03, 16),
(375, 1.0242179667084672, 3.03, 16),
(376, 1.0373985983939806, 3.04, 16),
(377, 1.0614327920267186, 3.02, 16),
(378, 1.0787632506791534, 3.02, 16),
(379, 1.0945516498921575, 3.02, 16),
(380, 1.108818854416959, 3.03, 16),
(381, 1.1221910931633685, 3.03, 16),
(382, 1.1350785872702733, 3.04, 16),
(383, 1.1477005185821665, 3.05, 16),
(384, 1.1608959387425257, 3.06, 16),
(385, 1.1726083163752186, 3.08, 16),
(386, 1.1848970456658614, 3.09, 16),
(387, 1.1971566869646033, 3.1, 16),
(388, 1.212500695491899, 3.1, 16),
(389, 1.2295712927101015, 3.1, 16),
(390, 1.26506657362886, 3.05, 16),
(391, 1.2957197100001565, 3.02, 16),
(392, 1.324901912561485, 2.99, 16),
(393, 1.3506979859985813, 2.98, 16),
(394, 1.3801381336150287, 2.95, 16),
(395, 1.4051052388510095, 2.93, 16),
(396, 1.4309784430007653, 2.91, 16),
(397, 1.4581088975191987, 2.89, 16),
(398, 1.4878045392416845, 2.87, 16),
(399, 1.5123351227892212, 2.86, 16),
(400, 1.53655836891896, 2.85, 16),
(401, 1.5659838433000874, 2.83, 16),
(402, 1.587899528892483, 2.81, 16),
(403, 1.614858331627453, 2.8, 16),
(404, 1.6384740942679865, 2.79, 16),
(405, 1.6658915445090645, 2.77, 16),
(406, 1.695304021248455, 2.76, 16),
(407, 1.7224731186136477, 2.74, 16),
(408, 1.7470937022993835, 2.73, 16),
(409, 1.7749562576375166, 2.71, 16),
(410, 1.8015807483573643, 2.7, 16),
(411, 1.8355779899973101, 2.68, 16),
(412, 1.8758726947555968, 2.66, 16),
(413, 1.8991988158668942, 2.66, 16),
(414, 1.927390917187394, 2.64, 16),
(415, 1.9560305732319976, 2.64, 16),
(416, 1.984397327374772, 2.62, 16),
(417, 2.007934789061483, 2.62, 16),
(418, 2.0356877985677957, 2.61, 16),
(419, 2.060229534778169, 2.6, 16),
(420, 2.0894009879609197, 2.59, 16),
(421, 2.1122446257694847, 2.58, 16),
(422, 2.14164288694096, 2.57, 16),
(423, 2.1666794543200645, 2.56, 16),
(424, 2.192438933279268, 2.55, 16),
(425, 2.2218707795559784, 2.54, 16),
(426, 2.250686262891269, 2.54, 16),
(427, 2.2750555103643295, 2.53, 16),
(428, 2.2984738555974404, 2.52, 16),
(429, 2.3349501688738097, 2.51, 16),
(430, 2.3664977735137707, 2.51, 16),
(431, 2.3889156910010176, 2.5, 16),
(432, 2.4163078003560967, 2.49, 16),
(433, 2.438464614611978, 2.49, 16),
(434, 2.459287449737649, 2.49, 16),
(435, 2.487778851680805, 2.48, 16),
(436, 2.509903740305132, 2.48, 16),
(437, 2.5253626868416488, 2.48, 16),
(438, 2.5461666745021776, 2.48, 16),
(439, 2.565393290886975, 2.48, 16),
(440, 2.5862749861704666, 2.47, 16),
(441, 2.6062998887982203, 2.47, 16),
(442, 2.6245224863063883, 2.47, 16),
(443, 2.649089023658047, 2.47, 16),
(444, 2.665701902167015, 2.47, 16),
(445, 2.686819384678264, 2.47, 16),
(446, 2.7132853908670023, 2.47, 16),
(447, 2.741995645795277, 2.46, 16),
(448, 2.7606682548325367, 2.46, 16),
(449, 2.7792506060681013, 2.46, 16),
(450, 2.797703708465287, 2.46, 16),
(451, 2.8156759768943855, 2.46, 16),
(452, 2.8503576318250947, 2.45, 16),
(453, 2.8917069476479766, 2.44, 16),
(454, 2.919083559825061, 2.43, 16),
(455, 2.947788337081192, 2.42, 16),
(456, 2.9789630134827347, 2.42, 16),
(457, 3.007944329838449, 2.41, 16),
(458, 3.0394706030425644, 2.4, 16),
(459, 3.064481724245001, 2.4, 16),
(460, 3.0947188381598583, 2.39, 16),
(461, 3.118743722607112, 2.38, 16),
(462, 3.1631906077377034, 2.36, 16),
(463, 3.202369155756992, 2.35, 16),
(464, 3.2342314167574133, 2.35, 16),
(465, 3.2702174412002685, 2.33, 16),
(466, 3.3007190624906744, 2.33, 16),
(467, 3.334721758148053, 2.32, 16),
(468, 3.36603598041633, 2.31, 16),
(469, 3.3908265521484053, 2.31, 16),
(470, 3.4156951919207916, 2.31, 16),
(471, 3.443632986745959, 2.3, 16),
(472, 3.4700689449510924, 2.3, 16),
(473, 3.4959610680964004, 2.3, 16),
(474, 3.521584927044945, 2.29, 16),
(475, 3.547307564513759, 2.29, 16),
(476, 3.5739786669176383, 2.29, 16),
(477, 3.5992039744172057, 2.29, 16),
(478, 3.626441615545539, 2.29, 16),
(479, 3.653829655060217, 2.28, 16),
(480, 3.68017881922694, 2.28, 16),
(481, 3.706517539154933, 2.28, 16),
(482, 3.727982474751301, 2.28, 16),
(483, 3.75600141401885, 2.28, 16),
(484, 3.783207405549909, 2.27, 16),
(485, 3.807545860217666, 2.27, 16),
(486, 3.833892053471875, 2.27, 16),
(487, 3.8581611264890774, 2.27, 16),
(488, 3.885122320908913, 2.26, 16),
(489, 3.910370631624836, 2.26, 16),
(490, 3.9401930678627846, 2.26, 16),
(491, 3.966477032144594, 2.26, 16),
(492, 3.9916719671863388, 2.26, 16),
(493, 0.02, 3.97, 17),
(494, 0.04, 3.33, 17),
(495, 0.06, 2.93, 17),
(496, 0.07, 3.21, 17),
(497, 0.09, 2.97, 17),
(498, 0.1, 3.17, 17),
(499, 0.12, 3.05, 17),
(500, 0.13, 3.14, 17),
(501, 0.15, 3.1, 17),
(502, 0.16, 3.19, 17),
(503, 0.18, 3.15, 17),
(504, 0.2, 3.12, 17),
(505, 0.22, 3.05, 17),
(506, 0.23, 3.14, 17),
(507, 0.25, 3.07, 17),
(508, 0.27, 3.04, 17),
(509, 0.28, 3.12, 17),
(510, 0.3, 3.08, 17),
(511, 0.31, 3.15, 17),
(512, 0.33, 3.14, 17),
(513, 0.34, 3.18, 17),
(514, 0.36, 3.15, 17),
(515, 0.39, 3.06, 17),
(516, 0.4, 3.13, 17),
(517, 0.42, 3.1, 17),
(518, 0.43, 3.14, 17),
(519, 0.44, 3.18, 17),
(520, 0.46, 3.15, 17);

-- --------------------------------------------------------

--
-- Table structure for table `track`
--

CREATE TABLE `track` (
  `track_id` int(11) NOT NULL,
  `avg_heart_rt` int(11) NOT NULL,
  `avg_step` int(11) NOT NULL,
  `calories` double NOT NULL,
  `date` varchar(255) COLLATE utf8_unicode_ci DEFAULT NULL,
  `distance` double NOT NULL,
  `duration` varchar(255) COLLATE utf8_unicode_ci DEFAULT NULL,
  `image` varchar(255) COLLATE utf8_unicode_ci DEFAULT NULL,
  `image_bytes` tinyblob DEFAULT NULL,
  `max_step` int(11) NOT NULL,
  `pace` double NOT NULL
) ENGINE=InnoDB DEFAULT CHARSET=utf8 COLLATE=utf8_unicode_ci;

--
-- Dumping data for table `track`
--

INSERT INTO `track` (`track_id`, `avg_heart_rt`, `avg_step`, `calories`, `date`, `distance`, `duration`, `image`, `image_bytes`, `max_step`, `pace`) VALUES
(1, 120, 275, 503, '20200120', 10.01, '005033', '', NULL, 560, 8),
(2, 111, 275, 359, '20200125', 40.53, '004526', '', NULL, 560, 8),
(3, 115, 275, 266, '20200203', 35.67, '003533', '', NULL, 560, 9),
(4, 98, 275, 266, '20200304', 34.67, '003533', '', NULL, 560, 9),
(5, 105, 275, 266, '20200405', 35.67, '003533', '', NULL, 560, 6),
(6, 99, 275, 266, '20200506', 36.67, '003533', '', NULL, 560, 7),
(7, 101, 275, 266, '20200607', 37.67, '003533', '', NULL, 560, 10),
(8, 110, 275, 266, '20200708', 38.67, '003533', '', NULL, 560, 4),
(9, 115, 275, 266, '20200809', 39.67, '003533', '', NULL, 560, 5),
(10, 97, 275, 266, '20200910', 40.67, '003533', '', NULL, 560, 9),
(11, 115, 275, 266, '20201011', 41.67, '003533', '', NULL, 560, 13),
(12, 120, 275, 266, '20201112', 42.67, '003533', '', NULL, 560, 7),
(13, 120, 0, 32.2, '20210413', 0.4563469981631716, '000128', NULL, NULL, 0, 3.1516666666666664),
(14, 120, 0, 225.40000000000003, '20210414', 3.229999999999996, '000636', NULL, NULL, 0, 2.0328998968008283),
(15, 120, 0, 225.40000000000003, '20210414', 3.05, '000717', NULL, NULL, 0, 2.39),
(16, 120, 0, 289.8, '20210425', 3.99, '000901', NULL, NULL, 0, 2.26),
(17, 120, 0, 32.2, '20210425', 0.4563469981631716, '000128', NULL, NULL, 0, 3.1516666666666664);

-- --------------------------------------------------------

--
-- Table structure for table `user`
--

CREATE TABLE `user` (
  `user_id` int(11) NOT NULL,
  `birth_date` varchar(255) COLLATE utf8_unicode_ci DEFAULT NULL,
  `email` varchar(255) COLLATE utf8_unicode_ci DEFAULT NULL,
  `first_name` varchar(255) COLLATE utf8_unicode_ci DEFAULT NULL,
  `gender` varchar(255) COLLATE utf8_unicode_ci DEFAULT NULL,
  `height` double NOT NULL,
  `last_name` varchar(255) COLLATE utf8_unicode_ci DEFAULT NULL,
  `password` varchar(255) COLLATE utf8_unicode_ci DEFAULT NULL,
  `weight` double NOT NULL,
  `image` varchar(255) COLLATE utf8_unicode_ci DEFAULT NULL
) ENGINE=InnoDB DEFAULT CHARSET=utf8 COLLATE=utf8_unicode_ci;

--
-- Dumping data for table `user`
--

INSERT INTO `user` (`user_id`, `birth_date`, `email`, `first_name`, `gender`, `height`, `last_name`, `password`, `weight`, `image`) VALUES
(1, '20100611', 'rochano_mould@hotmail.com', 'Rochano2', '0', 173, 'Mould2', 'rochanomould', 80, NULL);

--
-- Indexes for dumped tables
--

--
-- Indexes for table `challenge`
--
ALTER TABLE `challenge`
  ADD PRIMARY KEY (`challenge_id`);

--
-- Indexes for table `pace_detail`
--
ALTER TABLE `pace_detail`
  ADD PRIMARY KEY (`pace_id`),
  ADD KEY `FK9a8qod9ma151sud3eb3n84mb2` (`track_id`);

--
-- Indexes for table `track`
--
ALTER TABLE `track`
  ADD PRIMARY KEY (`track_id`);

--
-- Indexes for table `user`
--
ALTER TABLE `user`
  ADD PRIMARY KEY (`user_id`),
  ADD UNIQUE KEY `UK_ob8kqyqqgmefl0aco34akdtpe` (`email`);

--
-- AUTO_INCREMENT for dumped tables
--

--
-- AUTO_INCREMENT for table `challenge`
--
ALTER TABLE `challenge`
  MODIFY `challenge_id` int(11) NOT NULL AUTO_INCREMENT, AUTO_INCREMENT=6;

--
-- AUTO_INCREMENT for table `pace_detail`
--
ALTER TABLE `pace_detail`
  MODIFY `pace_id` int(11) NOT NULL AUTO_INCREMENT, AUTO_INCREMENT=521;

--
-- AUTO_INCREMENT for table `track`
--
ALTER TABLE `track`
  MODIFY `track_id` int(11) NOT NULL AUTO_INCREMENT, AUTO_INCREMENT=18;

--
-- AUTO_INCREMENT for table `user`
--
ALTER TABLE `user`
  MODIFY `user_id` int(11) NOT NULL AUTO_INCREMENT, AUTO_INCREMENT=2;

--
-- Constraints for dumped tables
--

--
-- Constraints for table `pace_detail`
--
ALTER TABLE `pace_detail`
  ADD CONSTRAINT `FK9a8qod9ma151sud3eb3n84mb2` FOREIGN KEY (`track_id`) REFERENCES `track` (`track_id`);
COMMIT;

/*!40101 SET CHARACTER_SET_CLIENT=@OLD_CHARACTER_SET_CLIENT */;
/*!40101 SET CHARACTER_SET_RESULTS=@OLD_CHARACTER_SET_RESULTS */;
/*!40101 SET COLLATION_CONNECTION=@OLD_COLLATION_CONNECTION */;
